baseline,e-implcit-target,e-persona-you,e-implcit-target-e-persona-you,e-implcit-target-e-persona-human,e-persona-human,TextFoolerJin2019
,,,,,,"{'distance': 0.0019305019305019266, 'evidence_accuracy': 0.702922077922078, 'evidence_precision': 1.0, 'evidence_recall': 0.005434782608695652, 'evidence_f1': 0.010810810810810811, 'similarity_metrics': 1.0, 'contradiction': 0.006033562123775482}"
,,,,,,"{'distance': 0.006191950464396245, 'evidence_accuracy': 0.675392670157068, 'evidence_precision': 1.0, 'evidence_recall': 0.015873015873015872, 'evidence_f1': 0.03125, 'similarity_metrics': 0.9999274, 'contradiction': 0.023713069036602974}"
,,,,,,"{'distance': 0.0028943560057886897, 'evidence_accuracy': 0.6320293398533008, 'evidence_precision': 1.0, 'evidence_recall': 0.006600660066006601, 'evidence_f1': 0.013114754098360654, 'similarity_metrics': 0.9994776, 'contradiction': 0.021700117737054825}"
,,,,,,"{'distance': 0.003225806451612856, 'evidence_accuracy': 0.45098039215686275, 'evidence_precision': 1.0, 'evidence_recall': 0.005076142131979695, 'evidence_f1': 0.010101010101010102, 'similarity_metrics': 0.99913645, 'contradiction': 0.0646696388721466}"
,,,,,,"{'distance': 0.07999999999999996, 'evidence_accuracy': 0.6521739130434783, 'evidence_precision': 0.5, 'evidence_recall': 0.11363636363636363, 'evidence_f1': 0.18518518518518517, 'similarity_metrics': 0.93372625, 'contradiction': 0.006776651833206415}"
,,,,,,"{'distance': 0.01018675721561968, 'evidence_accuracy': 0.7174825174825175, 'evidence_precision': 0.5, 'evidence_recall': 0.01485148514851485, 'evidence_f1': 0.028846153846153844, 'similarity_metrics': 0.97187966, 'contradiction': 0.15997479856014252}"
,,,,,,"{'distance': 0.006119951040391647, 'evidence_accuracy': 0.7398720682302772, 'evidence_precision': 0.6, 'evidence_recall': 0.012244897959183673, 'evidence_f1': 0.023999999999999997, 'similarity_metrics': 0.990781, 'contradiction': 0.005152641795575619}"
,,,,,,"{'distance': 0.007552870090634434, 'evidence_accuracy': 0.6684636118598383, 'evidence_precision': 0.2, 'evidence_recall': 0.00411522633744856, 'evidence_f1': 0.008064516129032258, 'similarity_metrics': 0.88380307, 'contradiction': 0.08037969470024109}"
,,,,,,"{'distance': 0.002148227712137518, 'evidence_accuracy': 0.7960151802656547, 'evidence_precision': 0.5, 'evidence_recall': 0.004651162790697674, 'evidence_f1': 0.009216589861751152, 'similarity_metrics': 0.9999998, 'contradiction': 0.0033576672431081533}"
,,,"{'distance': 0.9593345656192237, 'evidence_accuracy': 0.42857142857142855, 'evidence_precision': 0.41204819277108434, 'evidence_recall': 1.0, 'evidence_f1': 0.5836177474402731, 'similarity_metrics': 0.4980316, 'contradiction': 0.9500386714935303}","{'distance': 0.9148936170212766, 'evidence_accuracy': 0.41920374707259955, 'evidence_precision': 0.4058679706601467, 'evidence_recall': 0.9707602339181286, 'evidence_f1': 0.5724137931034482, 'similarity_metrics': 0.43337196, 'contradiction': 0.9974466562271118}",,"{'distance': 0.0053050397877983935, 'evidence_accuracy': 0.594847775175644, 'evidence_precision': 0.0, 'evidence_recall': 0.0, 'evidence_f1': 0, 'similarity_metrics': 0.99475884, 'contradiction': 0.10508686304092407}"
,,,,,,"{'distance': 0.006611570247933907, 'evidence_accuracy': 0.6528571428571428, 'evidence_precision': 1.0, 'evidence_recall': 0.016194331983805668, 'evidence_f1': 0.03187250996015936, 'similarity_metrics': 1.0, 'contradiction': 0.02033228985965252}"
,,,,,,"{'distance': 0.03665521191294385, 'evidence_accuracy': 0.8997912317327766, 'evidence_precision': 0.0625, 'evidence_recall': 0.029411764705882353, 'evidence_f1': 0.039999999999999994, 'similarity_metrics': 0.98252416, 'contradiction': 0.006187644321471453}"
,,,,,,"{'distance': 0.005499541704857891, 'evidence_accuracy': 0.9723756906077348, 'evidence_precision': 0.0, 'evidence_recall': 0.0, 'evidence_f1': 0, 'similarity_metrics': 0.99154407, 'contradiction': 0.02543020062148571}"
,,,,,,"{'distance': 0.014354066985645897, 'evidence_accuracy': 0.7591836734693878, 'evidence_precision': 0.3333333333333333, 'evidence_recall': 0.017241379310344827, 'evidence_f1': 0.03278688524590164, 'similarity_metrics': 0.99773836, 'contradiction': 0.2293591946363449}"
,,,,,,"{'distance': 0.011286681715575675, 'evidence_accuracy': 0.7865384615384615, 'evidence_precision': 0.6, 'evidence_recall': 0.026785714285714284, 'evidence_f1': 0.05128205128205128, 'similarity_metrics': 0.9817596, 'contradiction': 0.016147946938872337}"
,,,,,,"{'distance': 0.018382352941176516, 'evidence_accuracy': 0.7487844408427877, 'evidence_precision': 0.8, 'evidence_recall': 0.049689440993788817, 'evidence_f1': 0.0935672514619883, 'similarity_metrics': 0.9998112, 'contradiction': 0.004022974520921707}"
,,,,,,"{'distance': 0.03541666666666665, 'evidence_accuracy': 0.4905335628227194, 'evidence_precision': 0.6470588235294118, 'evidence_recall': 0.036544850498338874, 'evidence_f1': 0.06918238993710692, 'similarity_metrics': 0.98800963, 'contradiction': 0.015578116290271282}"
,,,,,,"{'distance': 0.0031250000000000444, 'evidence_accuracy': 0.6630434782608695, 'evidence_precision': 0.0, 'evidence_recall': 0.0, 'evidence_f1': 0, 'similarity_metrics': 0.9910861, 'contradiction': 0.13141891360282898}"
,,,,,,"{'distance': 0.02006688963210701, 'evidence_accuracy': 0.5021582733812949, 'evidence_precision': 0.9230769230769231, 'evidence_recall': 0.03361344537815126, 'evidence_f1': 0.06486486486486487, 'similarity_metrics': 0.9975569, 'contradiction': 0.023210221901535988}"
,,,,,,"{'distance': 0.031319910514541416, 'evidence_accuracy': 0.6225296442687747, 'evidence_precision': 0.3076923076923077, 'evidence_recall': 0.021505376344086023, 'evidence_f1': 0.040201005025125636, 'similarity_metrics': 0.97501767, 'contradiction': 0.36319500207901}"
,,,,,,"{'distance': 0.003389830508474523, 'evidence_accuracy': 0.7880434782608695, 'evidence_precision': 1.0, 'evidence_recall': 0.012658227848101266, 'evidence_f1': 0.024999999999999998, 'similarity_metrics': 0.9998899, 'contradiction': 0.014243088662624359}"
,,,,,,"{'distance': 0.005393743257820938, 'evidence_accuracy': 0.5571428571428572, 'evidence_precision': 0.4, 'evidence_recall': 0.004310344827586207, 'evidence_f1': 0.008528784648187633, 'similarity_metrics': 0.9929648, 'contradiction': 0.0033257321920245886}"
,,,,,,"{'distance': 0.0031152647975077885, 'evidence_accuracy': 0.7347480106100795, 'evidence_precision': 1.0, 'evidence_recall': 0.009900990099009901, 'evidence_f1': 0.0196078431372549, 'similarity_metrics': 1.0, 'contradiction': 0.015942441299557686}"
,,,,,,"{'distance': 0.0026385224274406704, 'evidence_accuracy': 0.6763717805151176, 'evidence_precision': 0.5, 'evidence_recall': 0.0034602076124567475, 'evidence_f1': 0.006872852233676976, 'similarity_metrics': 0.9996879, 'contradiction': 0.01898896135389805}"
,,,,,,"{'distance': 0.0018621973929237035, 'evidence_accuracy': 0.7630769230769231, 'evidence_precision': 0.0, 'evidence_recall': 0.0, 'evidence_f1': 0, 'similarity_metrics': 1.0000001, 'contradiction': 0.012740523554384708}"
,,,,,,"{'distance': 0.01273885350318471, 'evidence_accuracy': 0.6444833625218914, 'evidence_precision': 0.6666666666666666, 'evidence_recall': 0.01951219512195122, 'evidence_f1': 0.037914691943127965, 'similarity_metrics': 0.9855834, 'contradiction': 0.17894808948040009}"
,,,,,,"{'distance': 0.006702412868632712, 'evidence_accuracy': 0.46581691772885286, 'evidence_precision': 1.0, 'evidence_recall': 0.01072961373390558, 'evidence_f1': 0.021231422505307854, 'similarity_metrics': 1.0000002, 'contradiction': 0.029173539951443672}"
,,,,,,"{'distance': 0.00600240096038418, 'evidence_accuracy': 0.6239406779661016, 'evidence_precision': 0.6, 'evidence_recall': 0.008426966292134831, 'evidence_f1': 0.01662049861495845, 'similarity_metrics': 0.9947331, 'contradiction': 0.049751486629247665}"
,,,,,,"{'distance': 0.0008779631255487752, 'evidence_accuracy': 0.617603550295858, 'evidence_precision': 1.0, 'evidence_recall': 0.0019305019305019305, 'evidence_f1': 0.0038535645472061652, 'similarity_metrics': 1.0000002, 'contradiction': 0.036698117852211}"
,,,,,,"{'distance': 0.0034364261168384758, 'evidence_accuracy': 0.7852941176470588, 'evidence_precision': 0.0, 'evidence_recall': 0.0, 'evidence_f1': 0, 'similarity_metrics': 0.99812186, 'contradiction': 0.051397133618593216}"
,,,,,,"{'distance': 0.008281573498964856, 'evidence_accuracy': 0.981651376146789, 'evidence_precision': 0.0, 'evidence_recall': 0.0, 'evidence_f1': 0, 'similarity_metrics': 0.9796097, 'contradiction': 0.9950696229934692}"
,,,,,,"{'distance': 0.020050125313283207, 'evidence_accuracy': 0.6212765957446809, 'evidence_precision': 0.875, 'evidence_recall': 0.03804347826086957, 'evidence_f1': 0.07291666666666667, 'similarity_metrics': 0.97328055, 'contradiction': 0.01113086100667715}"
,,,,,,"{'distance': 0.008810572687224627, 'evidence_accuracy': 0.7852998065764023, 'evidence_precision': 0.0, 'evidence_recall': 0.0, 'evidence_f1': 0, 'similarity_metrics': 0.99531764, 'contradiction': 0.010612385347485542}"
,,,,,,"{'distance': 0.0006993006993006867, 'evidence_accuracy': 0.7329268292682927, 'evidence_precision': 1.0, 'evidence_recall': 0.002277904328018223, 'evidence_f1': 0.004545454545454544, 'similarity_metrics': 0.99849117, 'contradiction': 0.05132715404033661}"
,,,,,,"{'distance': 0.0011148272017836858, 'evidence_accuracy': 0.704265402843602, 'evidence_precision': 1.0, 'evidence_recall': 0.003194888178913738, 'evidence_f1': 0.006369426751592357, 'similarity_metrics': 0.99677515, 'contradiction': 0.004294153302907944}"
,,,,,,"{'distance': 0.0011574074074074403, 'evidence_accuracy': 0.7355371900826446, 'evidence_precision': 1.0, 'evidence_recall': 0.0038910505836575876, 'evidence_f1': 0.007751937984496124, 'similarity_metrics': 0.99999034, 'contradiction': 0.0047499495558440685}"
,,,,,,"{'distance': 0.003669724770642202, 'evidence_accuracy': 0.6517412935323383, 'evidence_precision': 1.0, 'evidence_recall': 0.004739336492890996, 'evidence_f1': 0.009433962264150945, 'similarity_metrics': 1.0000001, 'contradiction': 0.022969240322709084}"
,,,,,,"{'distance': 0.02892561983471076, 'evidence_accuracy': 0.5103806228373703, 'evidence_precision': 0.6428571428571429, 'evidence_recall': 0.0313588850174216, 'evidence_f1': 0.059800664451827246, 'similarity_metrics': 0.9995065, 'contradiction': 0.008470254018902779}"
,,,,,,"{'distance': 0.01645338208409508, 'evidence_accuracy': 0.6550632911392406, 'evidence_precision': 0.9, 'evidence_recall': 0.03982300884955752, 'evidence_f1': 0.07627118644067797, 'similarity_metrics': 0.9719197, 'contradiction': 0.18546491861343384}"
,,,,,,"{'distance': 0.01118568232662187, 'evidence_accuracy': 0.8826923076923077, 'evidence_precision': 0.2, 'evidence_recall': 0.017241379310344827, 'evidence_f1': 0.031746031746031744, 'similarity_metrics': 0.9964503, 'contradiction': 0.016555020585656166}"
,,,,,,"{'distance': 0.054545454545454564, 'evidence_accuracy': 0.1326530612244898, 'evidence_precision': 1.0, 'evidence_recall': 0.05027932960893855, 'evidence_f1': 0.09574468085106383, 'similarity_metrics': 0.9576263, 'contradiction': 0.002719591138884425}"
,,,,,,"{'distance': 0.009331259720062213, 'evidence_accuracy': 0.5568181818181818, 'evidence_precision': 0.8333333333333334, 'evidence_recall': 0.014084507042253521, 'evidence_f1': 0.02770083102493075, 'similarity_metrics': 0.9835762, 'contradiction': 0.06064485013484955}"
,,,,,,"{'distance': 0.03318250377073906, 'evidence_accuracy': 0.35081148564294634, 'evidence_precision': 0.9545454545454546, 'evidence_recall': 0.03888888888888889, 'evidence_f1': 0.07473309608540926, 'similarity_metrics': 0.9921051, 'contradiction': 0.0031769496854394674}"
,,,,,,"{'distance': 0.006109979633401208, 'evidence_accuracy': 0.3472727272727273, 'evidence_precision': 1.0, 'evidence_recall': 0.008287292817679558, 'evidence_f1': 0.01643835616438356, 'similarity_metrics': 0.9987805, 'contradiction': 0.011600579135119915}"
,,,,,,"{'distance': 0.0014245014245014564, 'evidence_accuracy': 0.41982864137086906, 'evidence_precision': 1.0, 'evidence_recall': 0.002105263157894737, 'evidence_f1': 0.004201680672268907, 'similarity_metrics': 0.999896, 'contradiction': 0.10155468434095383}"
,,,,,,"{'distance': 0.007766990291262155, 'evidence_accuracy': 0.49335548172757476, 'evidence_precision': 1.0, 'evidence_recall': 0.012944983818770227, 'evidence_f1': 0.025559105431309903, 'similarity_metrics': 0.9994625, 'contradiction': 0.012511122040450573}"
,,,,,,"{'distance': 0.018922852983988325, 'evidence_accuracy': 0.29464285714285715, 'evidence_precision': 0.7692307692307693, 'evidence_recall': 0.017857142857142856, 'evidence_f1': 0.03490401396160558, 'similarity_metrics': 0.96078694, 'contradiction': 0.006582677364349365}"
,,,,,,"{'distance': 0.05033557046979864, 'evidence_accuracy': 0.4590643274853801, 'evidence_precision': 0.5625, 'evidence_recall': 0.0481283422459893, 'evidence_f1': 0.08866995073891625, 'similarity_metrics': 0.86462283, 'contradiction': 0.27660149335861206}"
,,,,,,"{'distance': 0.031932773109243695, 'evidence_accuracy': 0.1530758226037196, 'evidence_precision': 0.95, 'evidence_recall': 0.03114754098360656, 'evidence_f1': 0.06031746031746032, 'similarity_metrics': 0.99240714, 'contradiction': 0.010062281973659992}"
,,,,,,"{'distance': 0.01992528019925277, 'evidence_accuracy': 0.4399574920297556, 'evidence_precision': 0.47368421052631576, 'evidence_recall': 0.017110266159695818, 'evidence_f1': 0.03302752293577982, 'similarity_metrics': 0.9317651, 'contradiction': 0.009013817645609379}"
,,,,,,"{'distance': 0.0007501875468867159, 'evidence_accuracy': 0.7169211195928753, 'evidence_precision': 0.0, 'evidence_recall': 0.0, 'evidence_f1': 0, 'similarity_metrics': 0.99999994, 'contradiction': 0.004879408050328493}"
,,,,,,"{'distance': 0.005988023952095856, 'evidence_accuracy': 0.6825726141078838, 'evidence_precision': 0.2, 'evidence_recall': 0.0033003300330033004, 'evidence_f1': 0.006493506493506493, 'similarity_metrics': 0.9745332, 'contradiction': 0.005181274376809597}"
,,,,,,"{'distance': 0.0028169014084507005, 'evidence_accuracy': 0.5997624703087886, 'evidence_precision': 0.5, 'evidence_recall': 0.002967359050445104, 'evidence_f1': 0.0058997050147492625, 'similarity_metrics': 0.99065554, 'contradiction': 0.48666441440582275}"
,,,,,,"{'distance': 0.02814258911819889, 'evidence_accuracy': 0.3284552845528455, 'evidence_precision': 0.4666666666666667, 'evidence_recall': 0.01699029126213592, 'evidence_f1': 0.032786885245901634, 'similarity_metrics': 0.8791697, 'contradiction': 0.6725316643714905}"
,,,,,,"{'distance': 0.0013908205841446364, 'evidence_accuracy': 0.69221260815822, 'evidence_precision': 1.0, 'evidence_recall': 0.004, 'evidence_f1': 0.00796812749003984, 'similarity_metrics': 1.0000001, 'contradiction': 0.010584085248410702}"
,,,,,,"{'distance': 0.022959183673469385, 'evidence_accuracy': 0.5, 'evidence_precision': 1.0, 'evidence_recall': 0.03879310344827586, 'evidence_f1': 0.07468879668049794, 'similarity_metrics': 0.9633006, 'contradiction': 0.2085360288619995}"
,,,,,,"{'distance': 0.0017196904557179593, 'evidence_accuracy': 0.4358974358974359, 'evidence_precision': 1.0, 'evidence_recall': 0.0025906735751295338, 'evidence_f1': 0.00516795865633075, 'similarity_metrics': 1.0000002, 'contradiction': 0.019581319764256477}"
,,,,,,"{'distance': 0.021897810218978075, 'evidence_accuracy': 0.15466101694915255, 'evidence_precision': 1.0, 'evidence_recall': 0.022058823529411766, 'evidence_f1': 0.04316546762589929, 'similarity_metrics': 0.9656906, 'contradiction': 0.027183007448911667}"
,,,,,,"{'distance': 0.030741410488245968, 'evidence_accuracy': 0.5048076923076923, 'evidence_precision': 0.7647058823529411, 'evidence_recall': 0.040880503144654086, 'evidence_f1': 0.07761194029850746, 'similarity_metrics': 0.92980355, 'contradiction': 0.009003913961350918}"
,,,,,,"{'distance': 0.021937842778793404, 'evidence_accuracy': 0.38368580060422963, 'evidence_precision': 0.7142857142857143, 'evidence_recall': 0.024154589371980676, 'evidence_f1': 0.04672897196261682, 'similarity_metrics': 0.9709852, 'contradiction': 0.14091134071350098}"
,,,,,,"{'distance': 0.025000000000000022, 'evidence_accuracy': 0.8706896551724138, 'evidence_precision': 0.26666666666666666, 'evidence_recall': 0.04819277108433735, 'evidence_f1': 0.0816326530612245, 'similarity_metrics': 0.98125196, 'contradiction': 0.034836385399103165}"
,,,,,,"{'distance': 0.033639143730886834, 'evidence_accuracy': 0.7883597883597884, 'evidence_precision': 0.25, 'evidence_recall': 0.04054054054054054, 'evidence_f1': 0.06976744186046512, 'similarity_metrics': 0.9319474, 'contradiction': 0.5007054805755615}"
,"{'distance': 0.9581005586592178, 'evidence_accuracy': 0.26881720430107525, 'evidence_precision': 0.25274725274725274, 'evidence_recall': 1.0, 'evidence_f1': 0.40350877192982454, 'similarity_metrics': 0.5821707, 'contradiction': 0.15547414124011993}",,,,,"{'distance': 0.0017211703958691649, 'evidence_accuracy': 0.7511520737327189, 'evidence_precision': 0.0, 'evidence_recall': 0.0, 'evidence_f1': 0, 'similarity_metrics': 0.9990179, 'contradiction': 0.025117309764027596}"
,,,,,,"{'distance': 0.0013333333333332975, 'evidence_accuracy': 0.5, 'evidence_precision': 1.0, 'evidence_recall': 0.002336448598130841, 'evidence_f1': 0.004662004662004662, 'similarity_metrics': 0.9975127, 'contradiction': 0.06524360924959183}"
,,,,,,"{'distance': 0.0017182130584192379, 'evidence_accuracy': 0.7038123167155426, 'evidence_precision': 0.0, 'evidence_recall': 0.0, 'evidence_f1': 0, 'similarity_metrics': 1.0, 'contradiction': 0.00322735751979053}"
,,,,,,"{'distance': 0.0029673590504450953, 'evidence_accuracy': 0.7023498694516971, 'evidence_precision': 1.0, 'evidence_recall': 0.008695652173913044, 'evidence_f1': 0.017241379310344827, 'similarity_metrics': 1.0000002, 'contradiction': 0.00420901644974947}"
,,,,,,"{'distance': 0.0014184397163120588, 'evidence_accuracy': 0.6488730723606169, 'evidence_precision': 0.0, 'evidence_recall': 0.0, 'evidence_f1': 0, 'similarity_metrics': 0.9911736, 'contradiction': 0.005934613291174173}"
,,,,,,"{'distance': 0.004870129870129913, 'evidence_accuracy': 0.8176638176638177, 'evidence_precision': 1.0, 'evidence_recall': 0.022900763358778626, 'evidence_f1': 0.04477611940298508, 'similarity_metrics': 1.0, 'contradiction': 0.0029332812409847975}"
,,,,,,"{'distance': 0.002339181286549752, 'evidence_accuracy': 0.5184049079754601, 'evidence_precision': 1.0, 'evidence_recall': 0.004228329809725159, 'evidence_f1': 0.008421052631578947, 'similarity_metrics': 1.0000001, 'contradiction': 0.009058582596480846}"
,,,,"{'distance': 0.7638888888888888, 'evidence_accuracy': 0.43309859154929575, 'evidence_precision': 0.45121951219512196, 'evidence_recall': 0.8102189781021898, 'evidence_f1': 0.5796344647519583, 'similarity_metrics': 0.79804206, 'contradiction': 0.018725601956248283}",,"{'distance': 0.016393442622950838, 'evidence_accuracy': 0.5316901408450704, 'evidence_precision': 1.0, 'evidence_recall': 0.029197080291970802, 'evidence_f1': 0.05673758865248227, 'similarity_metrics': 0.9992198, 'contradiction': 0.06447871029376984}"
,,,,,,"{'distance': 0.0012180267965895553, 'evidence_accuracy': 0.6251319957761352, 'evidence_precision': 0.0, 'evidence_recall': 0.0, 'evidence_f1': 0, 'similarity_metrics': 1.0, 'contradiction': 0.0029396156314760447}"
,,,,,,"{'distance': 0.0025348542458808465, 'evidence_accuracy': 0.7072625698324022, 'evidence_precision': 1.0, 'evidence_recall': 0.007575757575757576, 'evidence_f1': 0.015037593984962407, 'similarity_metrics': 0.9990445, 'contradiction': 0.10624848306179047}"
,,,,,,"{'distance': 0.004059539918809252, 'evidence_accuracy': 0.7417061611374408, 'evidence_precision': 0.3333333333333333, 'evidence_recall': 0.004608294930875576, 'evidence_f1': 0.009090909090909092, 'similarity_metrics': 0.9957645, 'contradiction': 0.04489303380250931}"
,,,,,,"{'distance': 0.00170068027210879, 'evidence_accuracy': 0.7017937219730942, 'evidence_precision': 0.5, 'evidence_recall': 0.002506265664160401, 'evidence_f1': 0.004987531172069825, 'similarity_metrics': 0.99779594, 'contradiction': 0.002711151959374547}"
,,,,,,"{'distance': 0.011441647597253968, 'evidence_accuracy': 0.5964214711729622, 'evidence_precision': 0.6666666666666666, 'evidence_recall': 0.01951219512195122, 'evidence_f1': 0.037914691943127965, 'similarity_metrics': 0.9879557, 'contradiction': 0.03379353880882263}"
,,,,,,"{'distance': 0.0022140221402213722, 'evidence_accuracy': 0.7916152897657214, 'evidence_precision': 0.0, 'evidence_recall': 0.0, 'evidence_f1': 0, 'similarity_metrics': 0.7980768, 'contradiction': 0.14703164994716644}"
,,,,,,"{'distance': 0.0020920502092049986, 'evidence_accuracy': 0.7197231833910035, 'evidence_precision': 1.0, 'evidence_recall': 0.006134969325153374, 'evidence_f1': 0.012195121951219513, 'similarity_metrics': 0.9995631, 'contradiction': 0.006109725218266249}"
,,,,,,"{'distance': 0.05567451820128477, 'evidence_accuracy': 0.3054545454545455, 'evidence_precision': 0.8461538461538461, 'evidence_recall': 0.055, 'evidence_f1': 0.10328638497652581, 'similarity_metrics': 0.97301954, 'contradiction': 0.014033389277756214}"
,,,,,,"{'distance': 0.00588235294117645, 'evidence_accuracy': 0.6541450777202072, 'evidence_precision': 0.5, 'evidence_recall': 0.00749063670411985, 'evidence_f1': 0.014760147601476014, 'similarity_metrics': 0.99977505, 'contradiction': 0.0753478929400444}"
,,,,,,"{'distance': 0.028099173553719048, 'evidence_accuracy': 0.39080459770114945, 'evidence_precision': 0.5294117647058824, 'evidence_recall': 0.021176470588235293, 'evidence_f1': 0.04072398190045249, 'similarity_metrics': 0.8190775, 'contradiction': 0.9928024411201477}"
,,,,,,"{'distance': 0.006153846153846176, 'evidence_accuracy': 0.6431322207958922, 'evidence_precision': 0.25, 'evidence_recall': 0.0036231884057971015, 'evidence_f1': 0.007142857142857143, 'similarity_metrics': 0.99953496, 'contradiction': 0.03280925378203392}"
,,,,,,"{'distance': 0.0023612750885477762, 'evidence_accuracy': 0.5840978593272171, 'evidence_precision': 1.0, 'evidence_recall': 0.004878048780487805, 'evidence_f1': 0.009708737864077669, 'similarity_metrics': 1.0, 'contradiction': 0.023867089301347733}"
,,,,,,"{'distance': 0.024774774774774744, 'evidence_accuracy': 0.3136456211812627, 'evidence_precision': 0.7272727272727273, 'evidence_recall': 0.023391812865497075, 'evidence_f1': 0.04532577903682719, 'similarity_metrics': 0.9926651, 'contradiction': 0.36144599318504333}"
,,,,,,"{'distance': 0.009451795841209809, 'evidence_accuracy': 0.4792703150912106, 'evidence_precision': 0.4, 'evidence_recall': 0.006389776357827476, 'evidence_f1': 0.012578616352201259, 'similarity_metrics': 0.98270136, 'contradiction': 0.043108437210321426}"
,,,,,,"{'distance': 0.024691358024691357, 'evidence_accuracy': 0.4690721649484536, 'evidence_precision': 0.6666666666666666, 'evidence_recall': 0.025559105431309903, 'evidence_f1': 0.04923076923076923, 'similarity_metrics': 0.99264157, 'contradiction': 0.04700774699449539}"
,,,,,,"{'distance': 0.001481481481481528, 'evidence_accuracy': 0.6929936305732484, 'evidence_precision': 0.0, 'evidence_recall': 0.0, 'evidence_f1': 0, 'similarity_metrics': 1.0, 'contradiction': 0.015586554072797298}"
,,,,,,"{'distance': 0.0018248175182481452, 'evidence_accuracy': 0.5526315789473685, 'evidence_precision': 1.0, 'evidence_recall': 0.003257328990228013, 'evidence_f1': 0.006493506493506494, 'similarity_metrics': 0.9982545, 'contradiction': 0.22041837871074677}"
,,,,,,"{'distance': 0.002789400278940035, 'evidence_accuracy': 0.16033254156769597, 'evidence_precision': 1.0, 'evidence_recall': 0.0028208744710860366, 'evidence_f1': 0.005625879043600563, 'similarity_metrics': 1.0000002, 'contradiction': 0.003922572825103998}"
,,,,,,"{'distance': 0.006765899864682012, 'evidence_accuracy': 0.578708946772367, 'evidence_precision': 0.6, 'evidence_recall': 0.00804289544235925, 'evidence_f1': 0.015873015873015876, 'similarity_metrics': 0.9913542, 'contradiction': 0.01039755716919899}"
,,,,,,"{'distance': 0.011709601873536313, 'evidence_accuracy': 0.5792682926829268, 'evidence_precision': 0.8, 'evidence_recall': 0.01904761904761905, 'evidence_f1': 0.037209302325581395, 'similarity_metrics': 0.99765253, 'contradiction': 0.009235451929271221}"
,,,,,,"{'distance': 0.02076124567474047, 'evidence_accuracy': 0.6374622356495468, 'evidence_precision': 0.25, 'evidence_recall': 0.00847457627118644, 'evidence_f1': 0.01639344262295082, 'similarity_metrics': 0.98249245, 'contradiction': 0.013191786594688892}"
,,,,,,"{'distance': 0.026388888888888906, 'evidence_accuracy': 0.4072769953051643, 'evidence_precision': 0.8, 'evidence_recall': 0.030947775628626693, 'evidence_f1': 0.0595903165735568, 'similarity_metrics': 0.9611566, 'contradiction': 0.019086314365267754}"
,,,,,,"{'distance': 0.007337526205450695, 'evidence_accuracy': 0.6629834254143646, 'evidence_precision': 1.0, 'evidence_recall': 0.0213903743315508, 'evidence_f1': 0.0418848167539267, 'similarity_metrics': 0.99995506, 'contradiction': 0.010662487708032131}"
,,,,,,"{'distance': 0.014440433212996373, 'evidence_accuracy': 0.5097402597402597, 'evidence_precision': 0.75, 'evidence_recall': 0.0196078431372549, 'evidence_f1': 0.03821656050955414, 'similarity_metrics': 0.99005735, 'contradiction': 0.07309284061193466}"
,,,,,,"{'distance': 0.0012787723785165905, 'evidence_accuracy': 0.47121535181236673, 'evidence_precision': 1.0, 'evidence_recall': 0.002012072434607646, 'evidence_f1': 0.004016064257028113, 'similarity_metrics': 0.9464528, 'contradiction': 0.016305364668369293}"
,,,,,,"{'distance': 0.002812939521800284, 'evidence_accuracy': 0.36696696696696696, 'evidence_precision': 1.0, 'evidence_recall': 0.003780718336483932, 'evidence_f1': 0.007532956685499058, 'similarity_metrics': 0.99864954, 'contradiction': 0.010074568912386894}"
,,,,,,"{'distance': 0.0009560229445506607, 'evidence_accuracy': 0.7090761750405187, 'evidence_precision': 1.0, 'evidence_recall': 0.002777777777777778, 'evidence_f1': 0.00554016620498615, 'similarity_metrics': 1.0000004, 'contradiction': 0.05532308295369148}"
,,,,,,"{'distance': 0.004889975550122272, 'evidence_accuracy': 0.6993603411513859, 'evidence_precision': 0.5, 'evidence_recall': 0.0070921985815602835, 'evidence_f1': 0.013986013986013986, 'similarity_metrics': 0.9992387, 'contradiction': 0.029980409890413284}"
,,,,,,"{'distance': 0.02025782688766109, 'evidence_accuracy': 0.6334841628959276, 'evidence_precision': 0.7272727272727273, 'evidence_recall': 0.03225806451612903, 'evidence_f1': 0.06177606177606178, 'similarity_metrics': 0.9608877, 'contradiction': 0.06914607435464859}"
,,,,,,"{'distance': 0.007339449541284404, 'evidence_accuracy': 0.6869158878504673, 'evidence_precision': 0.5, 'evidence_recall': 0.009950248756218905, 'evidence_f1': 0.01951219512195122, 'similarity_metrics': 0.9981785, 'contradiction': 0.10882703959941864}"
,,,,,,"{'distance': 0.015184381778741818, 'evidence_accuracy': 0.5119284294234593, 'evidence_precision': 0.0, 'evidence_recall': 0.0, 'evidence_f1': 0, 'similarity_metrics': 0.98793006, 'contradiction': 0.0705341249704361}"
,,,,,,"{'distance': 0.007352941176470562, 'evidence_accuracy': 0.6915584415584416, 'evidence_precision': 1.0, 'evidence_recall': 0.020618556701030927, 'evidence_f1': 0.04040404040404041, 'similarity_metrics': 0.99985063, 'contradiction': 0.009925366379320621}"
,,,,,,"{'distance': 0.004325259515570945, 'evidence_accuracy': 0.8597922848664689, 'evidence_precision': 0.2, 'evidence_recall': 0.005376344086021506, 'evidence_f1': 0.010471204188481678, 'similarity_metrics': 0.9962926, 'contradiction': 0.04157726839184761}"
,,,,,,"{'distance': 0.02801120448179273, 'evidence_accuracy': 0.7158536585365853, 'evidence_precision': 0.5789473684210527, 'evidence_recall': 0.046610169491525424, 'evidence_f1': 0.08627450980392158, 'similarity_metrics': 0.89480835, 'contradiction': 0.014081128872931004}"
,,,,,,"{'distance': 0.02050113895216399, 'evidence_accuracy': 0.9223107569721115, 'evidence_precision': 0.2222222222222222, 'evidence_recall': 0.058823529411764705, 'evidence_f1': 0.09302325581395347, 'similarity_metrics': 0.97021854, 'contradiction': 0.06558255851268768}"
,,,,,,"{'distance': 0.025362318840579712, 'evidence_accuracy': 0.7472306143001007, 'evidence_precision': 0.42857142857142855, 'evidence_recall': 0.036290322580645164, 'evidence_f1': 0.06691449814126395, 'similarity_metrics': 0.9899396, 'contradiction': 0.020756980404257774}"
,,,,,,"{'distance': 0.0703812316715543, 'evidence_accuracy': 0.5137844611528822, 'evidence_precision': 0.46153846153846156, 'evidence_recall': 0.0625, 'evidence_f1': 0.11009174311926606, 'similarity_metrics': 0.9747446, 'contradiction': 0.09800435602664948}"
"{'distance': 0.4117647058823529, 'evidence_accuracy': 0.3183475091130012, 'evidence_precision': 0.1795774647887324, 'evidence_recall': 0.5177664974619289, 'evidence_f1': 0.26666666666666666, 'similarity_metrics': 0.9095207, 'contradiction': 0.01250364724546671}",,,,,,"{'distance': 0.014044943820224698, 'evidence_accuracy': 0.7533414337788579, 'evidence_precision': 0.2, 'evidence_recall': 0.01015228426395939, 'evidence_f1': 0.01932367149758454, 'similarity_metrics': 0.99979377, 'contradiction': 0.0033276607282459736}"
,,,,,,"{'distance': 0.0054413542926239344, 'evidence_accuracy': 0.7653485952133194, 'evidence_precision': 0.2, 'evidence_recall': 0.0044943820224719105, 'evidence_f1': 0.008791208791208793, 'similarity_metrics': 0.98824954, 'contradiction': 0.011995069682598114}"
,,,,,,"{'distance': 0.03180212014134276, 'evidence_accuracy': 0.8395061728395061, 'evidence_precision': 0.3157894736842105, 'evidence_recall': 0.061855670103092786, 'evidence_f1': 0.10344827586206896, 'similarity_metrics': 0.9495848, 'contradiction': 0.12877529859542847}"
,,,,,,"{'distance': 0.0009633911368015502, 'evidence_accuracy': 0.7649434571890146, 'evidence_precision': 0.0, 'evidence_recall': 0.0, 'evidence_f1': 0, 'similarity_metrics': 0.9996916, 'contradiction': 0.6619899272918701}"
,,,,,,"{'distance': 0.0034071550255536653, 'evidence_accuracy': 0.8549295774647887, 'evidence_precision': 0.5, 'evidence_recall': 0.009708737864077669, 'evidence_f1': 0.019047619047619046, 'similarity_metrics': 0.9999937, 'contradiction': 0.005890174303203821}"
,,,,,,"{'distance': 0.03898635477582846, 'evidence_accuracy': 0.7469026548672566, 'evidence_precision': 0.38095238095238093, 'evidence_recall': 0.057971014492753624, 'evidence_f1': 0.10062893081761007, 'similarity_metrics': 0.9930731, 'contradiction': 0.034988656640052795}"
,,"{'distance': 0.11709455228553534, 'evidence_accuracy': 0.4747682801235839, 'evidence_precision': 0.2675736961451247, 'evidence_recall': 0.38688524590163936, 'evidence_f1': 0.3163538873994638, 'similarity_metrics': 0.9838767, 'contradiction': 0.29536470770835876}",,,,"{'distance': 0.008464328899637219, 'evidence_accuracy': 0.6838311019567456, 'evidence_precision': 0.3333333333333333, 'evidence_recall': 0.006557377049180328, 'evidence_f1': 0.012861736334405146, 'similarity_metrics': 0.97534764, 'contradiction': 0.05567425861954689}"
,,,,,,"{'distance': 0.05379746835443033, 'evidence_accuracy': 0.8112244897959183, 'evidence_precision': 0.4, 'evidence_recall': 0.11428571428571428, 'evidence_f1': 0.17777777777777776, 'similarity_metrics': 0.7534472, 'contradiction': 0.5017651915550232}"
,,,,,,"{'distance': 0.026915113871635588, 'evidence_accuracy': 0.8678571428571429, 'evidence_precision': 0.23076923076923078, 'evidence_recall': 0.04477611940298507, 'evidence_f1': 0.075, 'similarity_metrics': 0.9219019, 'contradiction': 0.030704237520694733}"
,,,,,,"{'distance': 0.037617554858934144, 'evidence_accuracy': 0.7378640776699029, 'evidence_precision': 0.3333333333333333, 'evidence_recall': 0.04419889502762431, 'evidence_f1': 0.07804878048780488, 'similarity_metrics': 0.94015557, 'contradiction': 0.06858212500810623}"
,,,,,,"{'distance': 0.0015600624024960652, 'evidence_accuracy': 0.6901041666666666, 'evidence_precision': 0.0, 'evidence_recall': 0.0, 'evidence_f1': 0, 'similarity_metrics': 1.0000001, 'contradiction': 0.003834391478449106}"
,,,,,,"{'distance': 0.0040567951318458695, 'evidence_accuracy': 0.879045996592845, 'evidence_precision': 0.0, 'evidence_recall': 0.0, 'evidence_f1': 0, 'similarity_metrics': 0.99741375, 'contradiction': 0.019411299377679825}"
,,,,,,"{'distance': 0.052044609665427455, 'evidence_accuracy': 0.8646616541353384, 'evidence_precision': 0.06666666666666667, 'evidence_recall': 0.03125, 'evidence_f1': 0.0425531914893617, 'similarity_metrics': 0.91506803, 'contradiction': 0.0876651331782341}"
,,,,,,"{'distance': 0.022684310018903586, 'evidence_accuracy': 0.9113300492610837, 'evidence_precision': 0.3333333333333333, 'evidence_recall': 0.08, 'evidence_f1': 0.12903225806451613, 'similarity_metrics': 0.98895437, 'contradiction': 0.021132277324795723}"
,,,,,,"{'distance': 0.014893617021276562, 'evidence_accuracy': 0.8079710144927537, 'evidence_precision': 0.42857142857142855, 'evidence_recall': 0.02857142857142857, 'evidence_f1': 0.05357142857142857, 'similarity_metrics': 0.99487686, 'contradiction': 0.08950909227132797}"
,,,,,,"{'distance': 0.0012690355329949554, 'evidence_accuracy': 0.7570558937465413, 'evidence_precision': 0.0, 'evidence_recall': 0.0, 'evidence_f1': 0, 'similarity_metrics': 1.0000001, 'contradiction': 0.0013038883917033672}"
,,,,,,"{'distance': 0.0045977011494252595, 'evidence_accuracy': 0.7996031746031746, 'evidence_precision': 0.0, 'evidence_recall': 0.0, 'evidence_f1': 0, 'similarity_metrics': 1.0, 'contradiction': 0.005229362286627293}"
,,,,,,"{'distance': 0.012367491166077715, 'evidence_accuracy': 0.8647416413373861, 'evidence_precision': 0.0, 'evidence_recall': 0.0, 'evidence_f1': 0, 'similarity_metrics': 0.93297184, 'contradiction': 0.05310068279504776}"
,,,,,,"{'distance': 0.0478723404255319, 'evidence_accuracy': 0.8671328671328671, 'evidence_precision': 0.1111111111111111, 'evidence_recall': 0.046511627906976744, 'evidence_f1': 0.06557377049180327, 'similarity_metrics': 0.94411176, 'contradiction': 0.027018697932362556}"
,,,,,,"{'distance': 0.020366598778004064, 'evidence_accuracy': 0.7089285714285715, 'evidence_precision': 0.5, 'evidence_recall': 0.024539877300613498, 'evidence_f1': 0.046783625730994156, 'similarity_metrics': 0.95025957, 'contradiction': 0.13144724071025848}"
,,,,,,"{'distance': 0.0036809815950920033, 'evidence_accuracy': 0.8483206933911159, 'evidence_precision': 0.0, 'evidence_recall': 0.0, 'evidence_f1': 0, 'similarity_metrics': 0.99962866, 'contradiction': 0.09118148684501648}"
,,,,,,"{'distance': 0.029661016949152574, 'evidence_accuracy': 0.7349486049926579, 'evidence_precision': 0.3333333333333333, 'evidence_recall': 0.034383954154727794, 'evidence_f1': 0.062337662337662345, 'similarity_metrics': 0.96446437, 'contradiction': 0.0016942763468250632}"
,,,,,,"{'distance': 0.0010604453870625141, 'evidence_accuracy': 0.7459165154264973, 'evidence_precision': 1.0, 'evidence_recall': 0.0035587188612099642, 'evidence_f1': 0.007092198581560283, 'similarity_metrics': 0.9998292, 'contradiction': 0.0026908733416348696}"
"{'distance': 0.12479201331114809, 'evidence_accuracy': 0.5617673579801623, 'evidence_precision': 0.22153209109730848, 'evidence_recall': 0.4930875576036866, 'evidence_f1': 0.3057142857142857, 'similarity_metrics': 0.9949473, 'contradiction': 0.0347672663629055}","{'distance': 0.12541620421753608, 'evidence_accuracy': 0.5617673579801623, 'evidence_precision': 0.22153209109730848, 'evidence_recall': 0.4930875576036866, 'evidence_f1': 0.3057142857142857, 'similarity_metrics': 0.9905683, 'contradiction': 0.0347672663629055}","{'distance': 0.12701053799223516, 'evidence_accuracy': 0.5617673579801623, 'evidence_precision': 0.22268041237113403, 'evidence_recall': 0.4976958525345622, 'evidence_f1': 0.3076923076923077, 'similarity_metrics': 0.9949473, 'contradiction': 0.0347672663629055}","{'distance': 0.12541620421753608, 'evidence_accuracy': 0.5617673579801623, 'evidence_precision': 0.22153209109730848, 'evidence_recall': 0.4930875576036866, 'evidence_f1': 0.3057142857142857, 'similarity_metrics': 0.9905683, 'contradiction': 0.0347672663629055}","{'distance': 0.12416851441241683, 'evidence_accuracy': 0.5626690712353472, 'evidence_precision': 0.22199170124481327, 'evidence_recall': 0.4930875576036866, 'evidence_f1': 0.3061516452074392, 'similarity_metrics': 0.9949473, 'contradiction': 0.0347672663629055}","{'distance': 0.12701053799223516, 'evidence_accuracy': 0.5617673579801623, 'evidence_precision': 0.22268041237113403, 'evidence_recall': 0.4976958525345622, 'evidence_f1': 0.3076923076923077, 'similarity_metrics': 0.9949473, 'contradiction': 0.0347672663629055}","{'distance': 0.030518819938962327, 'evidence_accuracy': 0.8016230838593328, 'evidence_precision': 0.45161290322580644, 'evidence_recall': 0.06451612903225806, 'evidence_f1': 0.11290322580645161, 'similarity_metrics': 0.9892802, 'contradiction': 0.00895399134606123}"
,,"{'distance': 0.7609841827768014, 'evidence_accuracy': 0.35135135135135137, 'evidence_precision': 0.32653061224489793, 'evidence_recall': 0.6956521739130435, 'evidence_f1': 0.4444444444444445, 'similarity_metrics': 0.9066436, 'contradiction': 0.017571991309523582}",,,"{'distance': 0.7170542635658914, 'evidence_accuracy': 0.33783783783783783, 'evidence_precision': 0.314878892733564, 'evidence_recall': 0.6594202898550725, 'evidence_f1': 0.42622950819672134, 'similarity_metrics': 0.9161178, 'contradiction': 0.00882195495069027}","{'distance': 0.04140127388535031, 'evidence_accuracy': 0.6135135135135135, 'evidence_precision': 0.3076923076923077, 'evidence_recall': 0.028985507246376812, 'evidence_f1': 0.05298013245033112, 'similarity_metrics': 0.91901815, 'contradiction': 0.09372496604919434}"
,,,,,,"{'distance': 0.006849315068493178, 'evidence_accuracy': 0.918958031837916, 'evidence_precision': 0.0, 'evidence_recall': 0.0, 'evidence_f1': 0, 'similarity_metrics': 0.97952294, 'contradiction': 0.013072370551526546}"
,,,,,,"{'distance': 0.013095238095238049, 'evidence_accuracy': 0.6770623742454729, 'evidence_precision': 1.0, 'evidence_recall': 0.036036036036036036, 'evidence_f1': 0.06956521739130435, 'similarity_metrics': 0.99911135, 'contradiction': 0.10483342409133911}"
,,,,,,"{'distance': 0.010245901639344246, 'evidence_accuracy': 0.8484848484848485, 'evidence_precision': 0.0, 'evidence_recall': 0.0, 'evidence_f1': 0, 'similarity_metrics': 0.9991701, 'contradiction': 0.0049460288137197495}"
,,,,,,"{'distance': 0.0006203473945409765, 'evidence_accuracy': 0.5872317006053935, 'evidence_precision': 1.0, 'evidence_recall': 0.0013315579227696406, 'evidence_f1': 0.0026595744680851063, 'similarity_metrics': 0.99889934, 'contradiction': 0.29350683093070984}"
,,,,,,"{'distance': 0.009913258983890949, 'evidence_accuracy': 0.7718918918918919, 'evidence_precision': 0.3125, 'evidence_recall': 0.01201923076923077, 'evidence_f1': 0.023148148148148147, 'similarity_metrics': 0.99875534, 'contradiction': 0.00290405354462564}"
,,,,,,"{'distance': 0.018835616438356184, 'evidence_accuracy': 0.8824427480916031, 'evidence_precision': 0.08333333333333333, 'evidence_recall': 0.014925373134328358, 'evidence_f1': 0.02531645569620253, 'similarity_metrics': 0.99430025, 'contradiction': 0.15842078626155853}"
,,,,,,"{'distance': 0.01449275362318836, 'evidence_accuracy': 0.5360230547550432, 'evidence_precision': 0.25, 'evidence_recall': 0.006289308176100629, 'evidence_f1': 0.012269938650306749, 'similarity_metrics': 0.988698, 'contradiction': 0.016027292236685753}"
,,,,,,"{'distance': 0.0357142857142857, 'evidence_accuracy': 0.8301886792452831, 'evidence_precision': 0.1111111111111111, 'evidence_recall': 0.023529411764705882, 'evidence_f1': 0.038834951456310676, 'similarity_metrics': 0.96656764, 'contradiction': 0.033474598079919815}"
,,,,,,"{'distance': 0.0048000000000000265, 'evidence_accuracy': 0.869031377899045, 'evidence_precision': 0.6666666666666666, 'evidence_recall': 0.020618556701030927, 'evidence_f1': 0.04, 'similarity_metrics': 0.9981283, 'contradiction': 0.45059430599212646}"
,,,,,,"{'distance': 0.008710801393728262, 'evidence_accuracy': 0.9671641791044776, 'evidence_precision': 0.4, 'evidence_recall': 0.09523809523809523, 'evidence_f1': 0.15384615384615385, 'similarity_metrics': 0.99838614, 'contradiction': 0.09917312115430832}"
,,,,,,"{'distance': 0.006359300476947549, 'evidence_accuracy': 0.9089615931721194, 'evidence_precision': 0.25, 'evidence_recall': 0.016129032258064516, 'evidence_f1': 0.030303030303030304, 'similarity_metrics': 0.99788916, 'contradiction': 0.001740667619742453}"
,,,,,,"{'distance': 0.035040431266846306, 'evidence_accuracy': 0.7405660377358491, 'evidence_precision': 0.15384615384615385, 'evidence_recall': 0.019801980198019802, 'evidence_f1': 0.03508771929824561, 'similarity_metrics': 0.9840271, 'contradiction': 0.02108273096382618}"
,,,,,,"{'distance': 0.038510911424903704, 'evidence_accuracy': 0.9115138592750534, 'evidence_precision': 0.22580645161290322, 'evidence_recall': 0.10606060606060606, 'evidence_f1': 0.1443298969072165, 'similarity_metrics': 0.9714936, 'contradiction': 0.04917432740330696}"
,,,,,"{'distance': 0.10395480225988696, 'evidence_accuracy': 0.5630026809651475, 'evidence_precision': 0.15514018691588785, 'evidence_recall': 0.6916666666666667, 'evidence_f1': 0.2534351145038168, 'similarity_metrics': 0.99467796, 'contradiction': 0.023044776171445847}","{'distance': 0.010449320794148398, 'evidence_accuracy': 0.8856121537086684, 'evidence_precision': 0.1, 'evidence_recall': 0.008333333333333333, 'evidence_f1': 0.015384615384615385, 'similarity_metrics': 0.9443035, 'contradiction': 0.8566926121711731}"
,,,,,,"{'distance': 0.003814713896457711, 'evidence_accuracy': 0.851555136663525, 'evidence_precision': 0.2857142857142857, 'evidence_recall': 0.00641025641025641, 'evidence_f1': 0.012539184952978056, 'similarity_metrics': 0.9062748, 'contradiction': 0.05511615797877312}"
,,,,,,"{'distance': 0.029925187032418976, 'evidence_accuracy': 0.7682403433476395, 'evidence_precision': 0.3333333333333333, 'evidence_recall': 0.038461538461538464, 'evidence_f1': 0.06896551724137931, 'similarity_metrics': 0.9764981, 'contradiction': 0.11049340665340424}"
,,,,,,"{'distance': 0.023809523809523836, 'evidence_accuracy': 0.970736629667003, 'evidence_precision': 0.05, 'evidence_recall': 0.09090909090909091, 'evidence_f1': 0.06451612903225806, 'similarity_metrics': 0.98816234, 'contradiction': 0.20852744579315186}"
,,,,,,"{'distance': 0.005769230769230749, 'evidence_accuracy': 0.9220985691573926, 'evidence_precision': 0.3333333333333333, 'evidence_recall': 0.020833333333333332, 'evidence_f1': 0.0392156862745098, 'similarity_metrics': 0.99843264, 'contradiction': 0.0982004776597023}"
,,,,"{'distance': 0.0866728797763281, 'evidence_accuracy': 0.6595092024539877, 'evidence_precision': 0.20253164556962025, 'evidence_recall': 0.09142857142857143, 'evidence_f1': 0.12598425196850394, 'similarity_metrics': 0.9879477, 'contradiction': 0.06695114821195602}",,"{'distance': 0.06340579710144922, 'evidence_accuracy': 0.7269938650306749, 'evidence_precision': 0.45714285714285713, 'evidence_recall': 0.09142857142857143, 'evidence_f1': 0.15238095238095237, 'similarity_metrics': 0.98900765, 'contradiction': 0.015259090811014175}"
,,,,,,"{'distance': 0.004761904761904745, 'evidence_accuracy': 0.8913342503438789, 'evidence_precision': 0.6666666666666666, 'evidence_recall': 0.025, 'evidence_f1': 0.04819277108433735, 'similarity_metrics': 0.94222695, 'contradiction': 0.13556523621082306}"
,,"{'distance': 0.04728546409807355, 'evidence_accuracy': 0.8380765456329735, 'evidence_precision': 0.75, 'evidence_recall': 0.3380281690140845, 'evidence_f1': 0.46601941747572817, 'similarity_metrics': 0.970272, 'contradiction': 0.010612892918288708}",,,"{'distance': 0.04728546409807355, 'evidence_accuracy': 0.8380765456329735, 'evidence_precision': 0.75, 'evidence_recall': 0.3380281690140845, 'evidence_f1': 0.46601941747572817, 'similarity_metrics': 0.970272, 'contradiction': 0.010612892918288708}","{'distance': 0.064659977703456, 'evidence_accuracy': 0.7644749754661433, 'evidence_precision': 0.2711864406779661, 'evidence_recall': 0.07511737089201878, 'evidence_f1': 0.1176470588235294, 'similarity_metrics': 0.8154702, 'contradiction': 0.014914508908987045}"
,,,,,,"{'distance': 0.008385744234800874, 'evidence_accuracy': 0.753731343283582, 'evidence_precision': 0.5, 'evidence_recall': 0.015151515151515152, 'evidence_f1': 0.029411764705882356, 'similarity_metrics': 0.99994683, 'contradiction': 0.09789272397756577}"
,,,,,,"{'distance': 0.0030706243602866, 'evidence_accuracy': 0.8276785714285714, 'evidence_precision': 0.0, 'evidence_recall': 0.0, 'evidence_f1': 0, 'similarity_metrics': 0.99937755, 'contradiction': 0.011591311544179916}"
,,,,,,"{'distance': 0.013664596273291973, 'evidence_accuracy': 0.9135135135135135, 'evidence_precision': 0.0, 'evidence_recall': 0.0, 'evidence_f1': 0, 'similarity_metrics': 0.96256363, 'contradiction': 0.19130784273147583}"
,,,,,,"{'distance': 0.010121457489878583, 'evidence_accuracy': 0.6478632478632479, 'evidence_precision': 0.4, 'evidence_recall': 0.00975609756097561, 'evidence_f1': 0.019047619047619046, 'similarity_metrics': 0.98767585, 'contradiction': 0.07222561538219452}"
,,,,,,"{'distance': 0.04023845007451565, 'evidence_accuracy': 0.8050955414012739, 'evidence_precision': 0.52, 'evidence_recall': 0.08441558441558442, 'evidence_f1': 0.1452513966480447, 'similarity_metrics': 0.917763, 'contradiction': 0.30881935358047485}"
,,,,,,"{'distance': 0.002481389578163795, 'evidence_accuracy': 0.6893617021276596, 'evidence_precision': 0.0, 'evidence_recall': 0.0, 'evidence_f1': 0, 'similarity_metrics': 1.0000002, 'contradiction': 0.06333597004413605}"
,,,,,,"{'distance': 0.004479283314669624, 'evidence_accuracy': 0.7216494845360825, 'evidence_precision': 0.5, 'evidence_recall': 0.006734006734006734, 'evidence_f1': 0.013289036544850499, 'similarity_metrics': 1.0000002, 'contradiction': 0.17080888152122498}"
,,,,,,"{'distance': 0.0019193857965451588, 'evidence_accuracy': 0.7470686767169179, 'evidence_precision': 1.0, 'evidence_recall': 0.006578947368421052, 'evidence_f1': 0.013071895424836602, 'similarity_metrics': 1.0000001, 'contradiction': 0.006703509483486414}"
,,,,,,"{'distance': 0.003831417624521105, 'evidence_accuracy': 0.5271828665568369, 'evidence_precision': 1.0, 'evidence_recall': 0.006920415224913495, 'evidence_f1': 0.013745704467353952, 'similarity_metrics': 0.90046287, 'contradiction': 0.05263415724039078}"
,,,,,,"{'distance': 0.012987012987012991, 'evidence_accuracy': 0.8008948545861297, 'evidence_precision': 0.18181818181818182, 'evidence_recall': 0.011695906432748537, 'evidence_f1': 0.021978021978021976, 'similarity_metrics': 0.9970224, 'contradiction': 0.03694360330700874}"
,,,,,,"{'distance': 0.0021715526601520097, 'evidence_accuracy': 0.8624288425047438, 'evidence_precision': 0.5, 'evidence_recall': 0.006896551724137931, 'evidence_f1': 0.013605442176870748, 'similarity_metrics': 0.9759981, 'contradiction': 0.07454622536897659}"
,,,,,,"{'distance': 0.001769911504424737, 'evidence_accuracy': 0.6942277691107644, 'evidence_precision': 1.0, 'evidence_recall': 0.005076142131979695, 'evidence_f1': 0.010101010101010102, 'similarity_metrics': 1.0000001, 'contradiction': 0.0022818916477262974}"
,,,,,,"{'distance': 0.0049586776859503745, 'evidence_accuracy': 0.9246298788694481, 'evidence_precision': 0.0, 'evidence_recall': 0.0, 'evidence_f1': 0, 'similarity_metrics': 0.99901414, 'contradiction': 0.06969659775495529}"
,,,,,,"{'distance': 0.004105090311986914, 'evidence_accuracy': 0.8017118402282454, 'evidence_precision': 0.2, 'evidence_recall': 0.0036363636363636364, 'evidence_f1': 0.0071428571428571435, 'similarity_metrics': 0.99681515, 'contradiction': 0.16266445815563202}"
,,,,,,"{'distance': 0.005970149253731294, 'evidence_accuracy': 0.7061790668348046, 'evidence_precision': 0.25, 'evidence_recall': 0.004329004329004329, 'evidence_f1': 0.00851063829787234, 'similarity_metrics': 0.9987749, 'contradiction': 0.003769435454159975}"
,,,,,,"{'distance': 0.03125, 'evidence_accuracy': 0.7687595712098009, 'evidence_precision': 0.4444444444444444, 'evidence_recall': 0.053691275167785234, 'evidence_f1': 0.09580838323353294, 'similarity_metrics': 0.9754395, 'contradiction': 0.08776360750198364}"
,,,,,,"{'distance': 0.01501501501501501, 'evidence_accuracy': 0.8681462140992167, 'evidence_precision': 0.4, 'evidence_recall': 0.04040404040404041, 'evidence_f1': 0.07339449541284405, 'similarity_metrics': 0.9980222, 'contradiction': 0.15363240242004395}"
,,,,,,"{'distance': 0.0016051364365970988, 'evidence_accuracy': 0.8087818696883853, 'evidence_precision': 1.0, 'evidence_recall': 0.007352941176470588, 'evidence_f1': 0.014598540145985401, 'similarity_metrics': 0.9998505, 'contradiction': 0.0036463539581745863}"
,,,,,,"{'distance': 0.007299270072992692, 'evidence_accuracy': 0.8617511520737328, 'evidence_precision': 0.0, 'evidence_recall': 0.0, 'evidence_f1': 0, 'similarity_metrics': 0.99716693, 'contradiction': 0.28129842877388}"
,,,,,,"{'distance': 0.01074380165289257, 'evidence_accuracy': 0.8451519536903039, 'evidence_precision': 0.23076923076923078, 'evidence_recall': 0.014492753623188406, 'evidence_f1': 0.027272727272727275, 'similarity_metrics': 0.96416247, 'contradiction': 0.25089579820632935}"
,,,,,,"{'distance': 0.003960396039603964, 'evidence_accuracy': 0.8101472995090017, 'evidence_precision': 0.0, 'evidence_recall': 0.0, 'evidence_f1': 0, 'similarity_metrics': 0.99734867, 'contradiction': 0.10609180480241776}"
,,,,,,"{'distance': 0.012307692307692353, 'evidence_accuracy': 0.7642276422764228, 'evidence_precision': 0.3333333333333333, 'evidence_recall': 0.01556420233463035, 'evidence_f1': 0.02973977695167286, 'similarity_metrics': 0.9627603, 'contradiction': 0.09238999336957932}"
"{'distance': 0.043659043659043606, 'evidence_accuracy': 0.4092526690391459, 'evidence_precision': 0.63, 'evidence_recall': 0.328125, 'evidence_f1': 0.4315068493150685, 'similarity_metrics': 0.98926866, 'contradiction': 0.03823622688651085}","{'distance': 0.3263598326359832, 'evidence_accuracy': 0.5195729537366548, 'evidence_precision': 0.7111111111111111, 'evidence_recall': 0.5, 'evidence_f1': 0.5871559633027522, 'similarity_metrics': 0.930287, 'contradiction': 0.9653030633926392}","{'distance': 0.043659043659043606, 'evidence_accuracy': 0.4092526690391459, 'evidence_precision': 0.63, 'evidence_recall': 0.328125, 'evidence_f1': 0.4315068493150685, 'similarity_metrics': 0.98926866, 'contradiction': 0.03823622688651085}","{'distance': 0.043659043659043606, 'evidence_accuracy': 0.4092526690391459, 'evidence_precision': 0.63, 'evidence_recall': 0.328125, 'evidence_f1': 0.4315068493150685, 'similarity_metrics': 0.98926866, 'contradiction': 0.03823622688651085}","{'distance': 0.043659043659043606, 'evidence_accuracy': 0.4092526690391459, 'evidence_precision': 0.63, 'evidence_recall': 0.328125, 'evidence_f1': 0.4315068493150685, 'similarity_metrics': 0.98926866, 'contradiction': 0.03823622688651085}","{'distance': 0.043659043659043606, 'evidence_accuracy': 0.4092526690391459, 'evidence_precision': 0.63, 'evidence_recall': 0.328125, 'evidence_f1': 0.4315068493150685, 'similarity_metrics': 0.98926866, 'contradiction': 0.03823622688651085}","{'distance': 0.048979591836734726, 'evidence_accuracy': 0.3487544483985765, 'evidence_precision': 0.8461538461538461, 'evidence_recall': 0.057291666666666664, 'evidence_f1': 0.1073170731707317, 'similarity_metrics': 0.99103177, 'contradiction': 0.11878867447376251}"
,,,,,,"{'distance': 0.004608294930875556, 'evidence_accuracy': 0.6986564299424184, 'evidence_precision': 1.0, 'evidence_recall': 0.012578616352201259, 'evidence_f1': 0.02484472049689441, 'similarity_metrics': 1.0, 'contradiction': 0.0066486927680671215}"
,,,,,,"{'distance': 0.007361963190184007, 'evidence_accuracy': 0.7147435897435898, 'evidence_precision': 0.3333333333333333, 'evidence_recall': 0.007547169811320755, 'evidence_f1': 0.014760147601476014, 'similarity_metrics': 0.9106039, 'contradiction': 0.003899254370480776}"
,,,,,,"{'distance': 0.02954545454545454, 'evidence_accuracy': 0.6946410515672397, 'evidence_precision': 0.15384615384615385, 'evidence_recall': 0.014084507042253521, 'evidence_f1': 0.025806451612903226, 'similarity_metrics': 0.9800424, 'contradiction': 0.16022421419620514}"
"{'distance': 0.05434782608695654, 'evidence_accuracy': 0.4635036496350365, 'evidence_precision': 0.164, 'evidence_recall': 0.3253968253968254, 'evidence_f1': 0.21808510638297876, 'similarity_metrics': 0.962438, 'contradiction': 0.008890777826309204}",,"{'distance': 0.05434782608695654, 'evidence_accuracy': 0.4635036496350365, 'evidence_precision': 0.164, 'evidence_recall': 0.3253968253968254, 'evidence_f1': 0.21808510638297876, 'similarity_metrics': 0.962438, 'contradiction': 0.008890777826309204}",,,"{'distance': 0.05434782608695654, 'evidence_accuracy': 0.4635036496350365, 'evidence_precision': 0.164, 'evidence_recall': 0.3253968253968254, 'evidence_f1': 0.21808510638297876, 'similarity_metrics': 0.967098, 'contradiction': 0.008826477453112602}","{'distance': 0.012931034482758674, 'evidence_accuracy': 0.7700729927007299, 'evidence_precision': 0.5, 'evidence_recall': 0.023809523809523808, 'evidence_f1': 0.04545454545454545, 'similarity_metrics': 0.9958943, 'contradiction': 0.008844551630318165}"
,,,,,,"{'distance': 0.01754385964912286, 'evidence_accuracy': 0.8601156069364162, 'evidence_precision': 0.26666666666666666, 'evidence_recall': 0.03508771929824561, 'evidence_f1': 0.06201550387596899, 'similarity_metrics': 0.9011021, 'contradiction': 0.0046384017914533615}"
,,,,,,"{'distance': 0.0049261083743842304, 'evidence_accuracy': 0.6957787481804949, 'evidence_precision': 0.6666666666666666, 'evidence_recall': 0.009523809523809525, 'evidence_f1': 0.018779342723004695, 'similarity_metrics': 1.0000001, 'contradiction': 0.020729711279273033}"
,,,,,,"{'distance': 0.001223990208078285, 'evidence_accuracy': 0.771551724137931, 'evidence_precision': 1.0, 'evidence_recall': 0.004694835680751174, 'evidence_f1': 0.009345794392523364, 'similarity_metrics': 0.9992862, 'contradiction': 0.0043623847886919975}"
,,,,,,"{'distance': 0.03214285714285714, 'evidence_accuracy': 0.7157434402332361, 'evidence_precision': 0.7894736842105263, 'evidence_recall': 0.07281553398058252, 'evidence_f1': 0.13333333333333333, 'similarity_metrics': 0.9728954, 'contradiction': 0.1236409917473793}"
,,,,,,"{'distance': 0.006269592476489061, 'evidence_accuracy': 0.7384615384615385, 'evidence_precision': 0.5, 'evidence_recall': 0.00980392156862745, 'evidence_f1': 0.019230769230769232, 'similarity_metrics': 0.96311545, 'contradiction': 0.003961584065109491}"
,,,,,,"{'distance': 0.0008291873963516272, 'evidence_accuracy': 0.5594713656387665, 'evidence_precision': 0.0, 'evidence_recall': 0.0, 'evidence_f1': 0, 'similarity_metrics': 0.99838597, 'contradiction': 0.0023032487370073795}"
,,,"{'distance': 0.8136645962732919, 'evidence_accuracy': 0.30042918454935624, 'evidence_precision': 0.24757281553398058, 'evidence_recall': 0.864406779661017, 'evidence_f1': 0.38490566037735846, 'similarity_metrics': 0.49300417, 'contradiction': 0.2817935645580292}",,,"{'distance': 0.04040404040404044, 'evidence_accuracy': 0.7381974248927039, 'evidence_precision': 0.4, 'evidence_recall': 0.06779661016949153, 'evidence_f1': 0.11594202898550726, 'similarity_metrics': 0.99543154, 'contradiction': 0.08351636677980423}"
,,,,,,"{'distance': 0.00553097345132747, 'evidence_accuracy': 0.733909702209414, 'evidence_precision': 1.0, 'evidence_recall': 0.01773049645390071, 'evidence_f1': 0.0348432055749129, 'similarity_metrics': 0.9955827, 'contradiction': 0.7935967445373535}"
"{'distance': 0.0771224886584575, 'evidence_accuracy': 0.7029063509149623, 'evidence_precision': 0.17142857142857143, 'evidence_recall': 0.08695652173913043, 'evidence_f1': 0.11538461538461538, 'similarity_metrics': 0.97605413, 'contradiction': 0.6416191458702087}",,"{'distance': 0.049032258064516165, 'evidence_accuracy': 0.5026910656620022, 'evidence_precision': 0.17391304347826086, 'evidence_recall': 0.3285024154589372, 'evidence_f1': 0.2274247491638796, 'similarity_metrics': 0.98261714, 'contradiction': 0.010279005393385887}",,,,"{'distance': 0.022900763358778664, 'evidence_accuracy': 0.77502691065662, 'evidence_precision': 0.4444444444444444, 'evidence_recall': 0.03864734299516908, 'evidence_f1': 0.07111111111111111, 'similarity_metrics': 0.9771337, 'contradiction': 0.15759623050689697}"
,,,,,,"{'distance': 0.03692905733722063, 'evidence_accuracy': 0.8661616161616161, 'evidence_precision': 0.15789473684210525, 'evidence_recall': 0.045112781954887216, 'evidence_f1': 0.07017543859649122, 'similarity_metrics': 0.9462831, 'contradiction': 0.11616601049900055}"
,,,,,,"{'distance': 0.027070063694267565, 'evidence_accuracy': 0.8102493074792244, 'evidence_precision': 0.375, 'evidence_recall': 0.045112781954887216, 'evidence_f1': 0.08053691275167785, 'similarity_metrics': 0.97237384, 'contradiction': 0.08302610367536545}"
,,,,,,"{'distance': 0.0013976240391334604, 'evidence_accuracy': 0.6839594514013119, 'evidence_precision': 0.3333333333333333, 'evidence_recall': 0.001890359168241966, 'evidence_f1': 0.0037593984962406017, 'similarity_metrics': 0.9971241, 'contradiction': 0.0030078149866312742}"
,,,,,,"{'distance': 0.0015243902439023849, 'evidence_accuracy': 0.5626598465473146, 'evidence_precision': 1.0, 'evidence_recall': 0.0029154518950437317, 'evidence_f1': 0.005813953488372092, 'similarity_metrics': 1.0000001, 'contradiction': 0.00250650173984468}"
,,,,,,"{'distance': 0.028846153846153855, 'evidence_accuracy': 0.5623003194888179, 'evidence_precision': 0.6, 'evidence_recall': 0.032490974729241874, 'evidence_f1': 0.061643835616438346, 'similarity_metrics': 0.9852816, 'contradiction': 0.08208639174699783}"
,,,,,,"{'distance': 0.020382165605095537, 'evidence_accuracy': 0.5022779043280182, 'evidence_precision': 0.6470588235294118, 'evidence_recall': 0.024886877828054297, 'evidence_f1': 0.04793028322440086, 'similarity_metrics': 0.95503265, 'contradiction': 0.021191634237766266}"
,,,,,,"{'distance': 0.04491017964071853, 'evidence_accuracy': 0.8422459893048129, 'evidence_precision': 0.5, 'evidence_recall': 0.13559322033898305, 'evidence_f1': 0.21333333333333335, 'similarity_metrics': 0.86353827, 'contradiction': 0.23898890614509583}"
,,,,,,"{'distance': 0.011194029850746245, 'evidence_accuracy': 0.8531583264971287, 'evidence_precision': 0.08333333333333333, 'evidence_recall': 0.005917159763313609, 'evidence_f1': 0.011049723756906075, 'similarity_metrics': 0.8315577, 'contradiction': 0.013211781159043312}"
,,,,,,"{'distance': 0.0016722408026755842, 'evidence_accuracy': 0.7169540229885057, 'evidence_precision': 0.0, 'evidence_recall': 0.0, 'evidence_f1': 0, 'similarity_metrics': 0.9999998, 'contradiction': 0.025083495303988457}"
"{'distance': 0.11014176663031627, 'evidence_accuracy': 0.8374892519346517, 'evidence_precision': 0.3080168776371308, 'evidence_recall': 0.7448979591836735, 'evidence_f1': 0.4358208955223881, 'similarity_metrics': 0.9792338, 'contradiction': 0.0317840538918972}","{'distance': 0.9497907949790795, 'evidence_accuracy': 0.0937231298366294, 'evidence_precision': 0.08506944444444445, 'evidence_recall': 1.0, 'evidence_f1': 0.15680000000000002, 'similarity_metrics': 0.57982826, 'contradiction': 0.10604570806026459}","{'distance': 0.11232279171210469, 'evidence_accuracy': 0.8357695614789338, 'evidence_precision': 0.3054393305439331, 'evidence_recall': 0.7448979591836735, 'evidence_f1': 0.4332344213649852, 'similarity_metrics': 0.9792338, 'contradiction': 0.0317840538918972}","{'distance': 0.11232279171210469, 'evidence_accuracy': 0.8357695614789338, 'evidence_precision': 0.3054393305439331, 'evidence_recall': 0.7448979591836735, 'evidence_f1': 0.4332344213649852, 'similarity_metrics': 0.9792338, 'contradiction': 0.0317840538918972}","{'distance': 0.9222972972972973, 'evidence_accuracy': 0.11521926053310404, 'evidence_precision': 0.0847457627118644, 'evidence_recall': 0.9693877551020408, 'evidence_f1': 0.15586546349466773, 'similarity_metrics': 0.7347672, 'contradiction': 0.19696524739265442}","{'distance': 0.11232279171210469, 'evidence_accuracy': 0.8357695614789338, 'evidence_precision': 0.3054393305439331, 'evidence_recall': 0.7448979591836735, 'evidence_f1': 0.4332344213649852, 'similarity_metrics': 0.9792338, 'contradiction': 0.0317840538918972}","{'distance': 0.01179941002949858, 'evidence_accuracy': 0.9071367153912295, 'evidence_precision': 0.08333333333333333, 'evidence_recall': 0.01020408163265306, 'evidence_f1': 0.01818181818181818, 'similarity_metrics': 0.89862096, 'contradiction': 0.06473139673471451}"
